objective,method,alpha,train_count,optimal,total,mean_gap_pct,max_gap_pct,mean_time_s,sample_sd_time_s
Expected,SAA,all,all,42,45,0.7461401555555556,21.787651,409.75961787355556,545.7699944165103
Expected,SAA,all,100,15,15,0.039811266666666664,0.097616,35.011785257999996,16.91025472561743
Expected,SAA,all,200,15,15,0.007724,0.094668,155.466333334,118.00817632297782
Expected,SAA,all,400,12,15,2.1908852,21.787651,1038.8007350286666,527.4725798334532
Expected,SAA,0.01,all,12,15,2.1931392,21.787651,578.0042433366666,705.3050434480512
Expected,SAA,0.01,100,5,5,0.019143399999999998,0.095717,33.470929914,13.726586729239466
Expected,SAA,0.01,200,5,5,0.0,0.0,238.56629979,184.5100548098079
Expected,SAA,0.01,400,2,5,6.560274199999999,21.787651,1461.975500306,464.150889226225
Expected,SAA,0.02,all,15,15,0.015689,0.092638,401.8141674326667,539.8774328989391
Expected,SAA,0.02,100,5,5,0.0432688,0.092638,31.61674386,18.881415864371956
Expected,SAA,0.02,200,5,5,0.0,0.0,124.727305758,33.74980305644868
Expected,SAA,0.02,400,5,5,0.0037982000000000003,0.018991,1049.09845268,477.1173155421453
Expected,SAA,0.03,all,15,15,0.029592266666666665,0.097616,249.4604428513333,298.8259189742381
Expected,SAA,0.03,100,5,5,0.0570216,0.097616,39.947682,20.201285389884273
Expected,SAA,0.03,200,5,5,0.023172,0.094668,103.105394454,17.81976830287945
Expected,SAA,0.03,400,5,5,0.0085832,0.042915999999999996,605.3282521,268.08021167375796
Expected,Root,all,all,26,45,4.441315377777777,15.706382999999999,878.5645706057778,843.0439625326192
Expected,Root,all,100,10,15,3.7332221333333333,14.626721000000002,658.9122279146667,841.575710884066
Expected,Root,all,200,10,15,3.9614522,12.788805,771.2910679713333,783.0062965978794
Expected,Root,all,400,6,15,5.6292718,15.706382999999999,1205.4904159313332,856.6299796672831
Expected,Root,0.01,all,15,15,0.03803073333333334,0.099334,21.736770743333334,15.487675877027916
Expected,Root,0.01,100,5,5,0.039653999999999995,0.08279099999999999,6.755813284,2.356244546153228
Expected,Root,0.01,200,5,5,0.0573822,0.099334,22.539597188000002,12.544605162753847
Expected,Root,0.01,400,5,5,0.017056,0.079946,35.914901758,12.000128644781531
Expected,Root,0.02,all,11,15,0.8603120666666667,4.800394,813.0250492513334,728.5158243625596
Expected,Root,0.02,100,5,5,0.09967,0.099994,169.55527732800002,138.12886775291796
Expected,Root,0.02,200,5,5,0.0998086,0.099962,490.48984915,146.17658360673497
Expected,Root,0.02,400,1,5,2.3814576,4.800394,1779.030021276,55.376066011010145
Expected,Root,0.03,all,0,15,12.425603333333333,15.706382999999999,1800.9318918226666,0.4794616754093146
Expected,Root,0.03,100,0,5,11.0603424,14.626721000000002,1800.425593132,0.1119307777471573
Expected,Root,0.03,200,0,5,11.7271658,12.788805,1800.843757576,0.11564243619912105
Expected,Root,0.03,400,0,5,14.4893018,15.706382999999999,1801.52632476,0.08288494045153268
Expected,Standard,all,all,26,45,4.653544844444444,16.530378000000002,890.7817961446667,838.4051612282376
Expected,Standard,all,100,10,15,4.011873733333333,15.954914,677.0307509386666,836.448034380107
Expected,Standard,all,200,10,15,4.148876666666667,13.028653000000002,806.8764907126666,794.9996877873956
Expected,Standard,all,400,6,15,5.799884133333333,16.530378000000002,1188.4381467826668,852.1112558578693
Expected,Standard,0.01,all,15,15,0.03235266666666667,0.095251,18.289635807333333,15.083325171604848
Expected,Standard,0.01,100,5,5,0.0155228,0.047793999999999996,6.272305756,2.272769784270308
Expected,Standard,0.01,200,5,5,0.0190502,0.095251,17.461187638,10.772788512038458
Expected,Standard,0.01,400,5,5,0.062485000000000006,0.09260600000000001,31.135414028,16.953149603031243
Expected,Standard,0.02,all,11,15,0.8047784,4.534573,851.926613268,708.4084669764361
Expected,Standard,0.02,100,5,5,0.096915,0.099325,223.84388396999998,224.87279573731237
Expected,Standard,0.02,200,5,5,0.0998972,0.099996,601.651987938,379.09955193870326
Expected,Standard,0.02,400,1,5,2.217523,4.534573,1730.2839678960001,162.3838663671085
Expected,Standard,0.03,all,0,15,13.123503466666667,16.530378000000002,1802.1291393586666,1.8210567383068657
Expected,Standard,0.03,100,0,5,11.9231834,15.954914,1800.97606309,0.5421387005864586
Expected,Standard,0.03,200,0,5,12.327682600000001,13.028653000000002,1801.516296562,0.8879613034078638
Expected,Standard,0.03,400,0,5,15.1196444,16.530378000000002,1803.8950584240001,2.12012687293028
Expected,Coverage-exp,all,all,34,45,1.433061688888889,12.524683,577.8571494720001,788.4377406234402
Expected,Coverage-exp,all,100,15,15,0.08943833333333333,0.09996899999999999,131.56692596466667,338.13914712354995
Expected,Coverage-exp,all,200,12,15,0.6071005333333334,3.8492699999999997,537.69380864,782.9632103898405
Expected,Coverage-exp,all,400,7,15,3.6026462,12.524683,1064.3107138113332,870.4411688047234
Expected,Coverage-exp,0.01,all,15,15,0.04543913333333333,0.099965,27.127055052666666,28.733104300276402
Expected,Coverage-exp,0.01,100,5,5,0.076492,0.099965,7.741049744,2.151932841282651
Expected,Coverage-exp,0.01,200,5,5,0.030820599999999997,0.062689,18.473615426,3.528533039480369
Expected,Coverage-exp,0.01,400,5,5,0.0290048,0.09635200000000001,55.166499988,36.419102334363814
Expected,Coverage-exp,0.02,all,12,15,0.3143804,1.3552410000000001,456.9028134966667,736.6309433296207
Expected,Coverage-exp,0.02,100,5,5,0.0926266,0.099944,16.329366874,6.949845860657501
Expected,Coverage-exp,0.02,200,5,5,0.0806308,0.09901499999999999,53.45776437,36.70283791287181
Expected,Coverage-exp,0.02,400,2,5,0.7698838,1.3552410000000001,1300.921309246,749.1611984767407
Expected,Coverage-exp,0.03,all,7,15,3.939365533333333,12.524683,1249.5415798666668,765.6549647529139
Expected,Coverage-exp,0.03,100,5,5,0.09919639999999999,0.09996899999999999,370.63036127600003,541.225944270318
Expected,Coverage-exp,0.03,200,2,5,1.7098502,3.8492699999999997,1541.150046124,505.47214743383927
Expected,Coverage-exp,0.03,400,0,5,10.00905,12.524683,1836.8443322,17.678653097282176
Expected,Path-exp,all,all,39,45,0.9527448222222222,10.779241,356.4877541833333,632.3095996790339
Expected,Path-exp,all,100,15,15,0.0527062,0.09969099999999999,7.30026132,5.948961089154349
Expected,Path-exp,all,200,14,15,0.07622846666666666,0.356194,255.54432478266668,500.84557584771557
Expected,Path-exp,all,400,10,15,2.7292998,10.779241,806.6186764473333,804.3828803637454
Expected,Path-exp,0.01,all,15,15,0.018475333333333333,0.084037,14.393828334,12.975730131640361
Expected,Path-exp,0.01,100,5,5,0.020591,0.084037,3.089827596,0.9777739039951537
Expected,Path-exp,0.01,200,5,5,0.0,0.0,11.375523894,6.460875104756314
Expected,Path-exp,0.01,400,5,5,0.034835,0.061827,28.716133512,10.911955812741471
Expected,Path-exp,0.02,all,15,15,0.0783362,0.099991,203.93193271333334,368.8742164914176
Expected,Path-exp,0.02,100,5,5,0.0578566,0.091312,5.860077242,2.876622408474555
Expected,Path-exp,0.02,200,5,5,0.0776198,0.099655,19.635511936,11.882957314448806
Expected,Path-exp,0.02,400,5,5,0.0995322,0.099991,586.3002089619999,449.26079874424903
Expected,Path-exp,0.03,all,9,15,2.7614229333333333,10.779241,851.1375015026666,841.33688401147
Expected,Path-exp,0.03,100,5,5,0.079671,0.09969099999999999,12.950879122,7.068965979471909
Expected,Path-exp,0.03,200,4,5,0.1510656,0.356194,735.621938518,667.530308102349
Expected,Path-exp,0.03,400,0,5,8.0535322,10.779241,1804.839686868,3.131114495476181
Expected,Combinatorial,all,all,43,45,0.17516906666666668,4.000649,212.44967411511112,427.0617400886048
Expected,Combinatorial,all,100,14,15,0.22365933333333332,3.080024,169.350075156,458.0476611687624
Expected,Combinatorial,all,200,14,15,0.2728726,4.000649,177.52520756733333,459.07431714811383
Expected,Combinatorial,all,400,15,15,0.028975266666666666,0.096248,290.47373962200004,377.9194873122722
Expected,Combinatorial,0.01,all,15,15,0.0102176,0.046138,33.47759659133333,21.280290411173922
Expected,Combinatorial,0.01,100,5,5,0.0201814,0.046138,15.170898606,9.628394214434271
Expected,Combinatorial,0.01,200,5,5,0.002988,0.01494,30.460210352,17.892851905868465
Expected,Combinatorial,0.01,400,5,5,0.007483399999999999,0.029397,54.801680816,13.168981049781573
Expected,Combinatorial,0.02,all,15,15,0.007412266666666667,0.098335,72.849534906,65.71099575267769
Expected,Combinatorial,0.02,100,5,5,0.0222368,0.098335,42.486411536,22.49944813465677
Expected,Combinatorial,0.02,200,5,5,0.0,0.0,40.269186474,12.211458858594275
Expected,Combinatorial,0.02,400,5,5,0.0,0.0,135.793006708,83.82021663646138
Expected,Combinatorial,0.03,all,13,15,0.5078773333333333,4.000649,531.021890848,635.9971475146001
Expected,Combinatorial,0.03,100,4,5,0.6285598,3.080024,450.392915326,764.9604705255449
Expected,Combinatorial,0.03,200,4,5,0.8156298000000001,4.000649,461.846225876,765.1933178748021
Expected,Combinatorial,0.03,400,5,5,0.0794424,0.096248,680.8265313420001,450.42013419372006
CVaR,SAA,all,all,6,45,36.50219293333333,100.0,1667.298727584,374.79371642468294
CVaR,SAA,all,100,6,15,6.195746266666666,15.253964,1401.340570306,572.5372426542663
CVaR,SAA,all,200,0,15,19.096829800000002,67.59795199999999,1800.1481588693334,0.07949807885068828
CVaR,SAA,all,400,0,15,84.21400273333333,100.0,1800.4074535766667,0.12548003583071884
CVaR,SAA,0.01,all,5,15,31.614454933333334,100.0,1422.35102641,581.6265659948415
CVaR,SAA,0.01,100,5,5,0.0525394,0.09723000000000001,666.477866446,335.77167680085483
CVaR,SAA,0.01,200,0,5,10.14963,13.698926,1800.14250857,0.044145666140769674
CVaR,SAA,0.01,400,0,5,84.6411954,100.0,1800.432704214,0.07589932923034678
CVaR,SAA,0.02,all,1,15,33.79115626666667,100.0,1779.3182543406667,80.78929370127578
CVaR,SAA,0.02,100,1,5,6.9029326,12.494396,1737.492079224,139.87119393134822
CVaR,SAA,0.02,200,0,5,11.8632822,16.32967,1800.11186732,0.059370937521539616
CVaR,SAA,0.02,400,0,5,82.607254,100.0,1800.350816478,0.12482921538154186
CVaR,SAA,0.03,all,0,15,44.1009676,100.0,1800.2269020013332,0.19807786977803732
CVaR,SAA,0.03,100,0,5,11.6317668,15.253964,1800.051765248,0.025546865245087754
CVaR,SAA,0.03,200,0,5,35.2775772,67.59795199999999,1800.190100718,0.1129641821583046
CVaR,SAA,0.03,400,0,5,85.3935588,100.0,1800.438840038,0.16651490833916502
CVaR,Root,all,all,15,45,11.183854244444445,26.598477999999997,1218.3139807182222,834.1901956890202
CVaR,Root,all,100,5,15,10.846108266666667,26.453623999999998,1204.4148337566667,872.7105238388953
CVaR,Root,all,200,5,15,10.570150266666667,24.551818,1222.430890282,847.175118919718
CVaR,Root,all,400,5,15,12.1353042,26.598477999999997,1228.096218116,841.0548757021996
CVaR,Root,0.01,all,15,15,0.08861186666666666,0.09924599999999999,52.51116192533333,52.59331089195905
CVaR,Root,0.01,100,5,5,0.0768122,0.098895,12.08458179,9.282789435437614
CVaR,Root,0.01,200,5,5,0.0946432,0.09924599999999999,65.511691742,48.5078489117577
CVaR,Root,0.01,400,5,5,0.0943802,0.099172,79.937212244,63.62096863442168
CVaR,Root,0.02,all,0,15,10.612468733333333,17.183799,1801.241909988,1.1773141415467516
CVaR,Root,0.02,100,0,5,8.9963524,13.679274,1800.507788718,0.32687715845544296
CVaR,Root,0.02,200,0,5,9.4004612,11.232571,1801.000584034,0.66873118645368
CVaR,Root,0.02,400,0,5,13.4405926,17.183799,1802.217357212,1.536669467942979
CVaR,Root,0.03,all,0,15,22.850482133333333,26.598477999999997,1801.1888702413332,1.0502327029834067
CVaR,Root,0.03,100,0,5,23.4651602,26.453623999999998,1800.652130762,0.28918265585777614
CVaR,Root,0.03,200,0,5,22.215346399999998,24.551818,1800.78039507,0.2976436348989502
CVaR,Root,0.03,400,0,5,22.870939800000002,26.598477999999997,1802.134084892,1.4151951285877453
CVaR,Standard,all,all,16,45,10.7376772,28.194755999999998,1209.422345464,843.8433662199876
CVaR,Standard,all,100,6,15,10.0402884,28.194755999999998,1197.6155141406666,870.3747786091011
CVaR,Standard,all,200,5,15,10.015926200000001,23.239545,1213.4917601353334,860.8715767298938
CVaR,Standard,all,400,5,15,12.156817,27.460047999999997,1217.159762116,859.6836778755095
CVaR,Standard,0.01,all,15,15,0.08386773333333333,0.09909599999999999,29.696203224,25.249941015115006
CVaR,Standard,0.01,100,5,5,0.0786216,0.09909599999999999,8.850425102,5.637667996269841
CVaR,Standard,0.01,200,5,5,0.085181,0.093819,37.531746878,30.727218415895393
CVaR,Standard,0.01,400,5,5,0.0878006,0.09860100000000001,42.706437692,20.591322418613316
CVaR,Standard,0.02,all,1,15,8.6875932,15.388584,1796.4187551493333,23.09578233728023
CVaR,Standard,0.02,100,1,5,5.6175538,12.758944999999999,1783.203241438,39.089913239789
CVaR,Standard,0.02,200,0,5,8.062165199999999,12.082685999999999,1801.476313874,1.0146172176088626
CVaR,Standard,0.02,400,0,5,12.3830606,15.388584,1804.576710136,2.1038382579530013
CVaR,Standard,0.03,all,0,15,23.441570666666667,28.194755999999998,1802.1520780186665,1.919021263409111
CVaR,Standard,0.03,100,0,5,24.4246898,28.194755999999998,1800.7928758819999,0.38402332665702027
CVaR,Standard,0.03,200,0,5,21.9004324,23.239545,1801.467219654,0.8353207339984743
CVaR,Standard,0.03,400,0,5,23.9995898,27.460047999999997,1804.19613852,1.9813400862893848
CVaR,Coverage-exp,all,all,19,45,5.062441577777777,15.898182,1101.0414650366668,854.425679051276
CVaR,Coverage-exp,all,100,8,15,3.437953,9.100976,925.9869032766667,865.3558008326694
CVaR,Coverage-exp,all,200,6,15,4.798618066666667,12.000155,1142.9783812053333,859.9933833184089
CVaR,Coverage-exp,all,400,5,15,6.9507536666666665,15.898182,1234.159110628,867.3459510851822
CVaR,Coverage-exp,0.01,all,15,15,0.0714702,0.099658,39.61386235,28.44791956962299
CVaR,Coverage-exp,0.01,100,5,5,0.0670516,0.098037,10.48943948,3.23200425826488
CVaR,Coverage-exp,0.01,200,5,5,0.07342660000000001,0.09824300000000001,59.060351052,32.95962320181407
CVaR,Coverage-exp,0.01,400,5,5,0.0739324,0.099658,49.291796518,9.253994228084135
CVaR,Coverage-exp,0.02,all,4,15,4.701554866666666,9.605982000000001,1446.5052889566666,639.6925787339699
CVaR,Coverage-exp,0.02,100,3,5,2.2216956,6.918181,960.185790782,775.1958848416613
CVaR,Coverage-exp,0.02,200,1,5,3.8903790000000003,6.921401,1554.763274286,584.9473012974357
CVaR,Coverage-exp,0.02,400,0,5,7.99259,9.605982000000001,1824.5668018019999,13.597310426983373
CVaR,Coverage-exp,0.03,all,0,15,10.414299666666667,15.898182,1817.0052438033333,14.665715216965193
CVaR,Coverage-exp,0.03,100,0,5,8.0251118,9.100976,1807.285479568,3.5739365309749105
CVaR,Coverage-exp,0.03,200,0,5,10.4320486,12.000155,1815.111518278,7.101085000962947
CVaR,Coverage-exp,0.03,400,0,5,12.7857386,15.898182,1828.618733564,19.960619539445812
CVaR,Path-exp,all,all,21,45,3.5139104,12.402051,1003.4902824244444,872.4494870328492
CVaR,Path-exp,all,100,9,15,2.1787503333333333,8.101653,753.7765478066667,887.9982778577233
CVaR,Path-exp,all,200,7,15,2.9305142666666666,8.954189,1032.9152609,869.6394591462667
CVaR,Path-exp,all,400,5,15,5.432466600000001,12.402051,1223.7790385666667,853.0514881810182
CVaR,Path-exp,0.01,all,15,15,0.06852533333333333,0.09993700000000001,29.038282744666667,39.612404322049755
CVaR,Path-exp,0.01,100,5,5,0.0464658,0.088425,6.282050772,1.8338794879888476
CVaR,Path-exp,0.01,200,5,5,0.0687108,0.097005,21.763206958,16.065002097910188
CVaR,Path-exp,0.01,400,5,5,0.0903994,0.09993700000000001,59.069590504000004,58.22144172412679
CVaR,Path-exp,0.02,all,6,15,3.0738644666666666,8.23262,1176.5188851333332,808.1140281091177
CVaR,Path-exp,0.02,100,4,5,1.1811966,5.513348,452.385209676,756.7734163790376
CVaR,Path-exp,0.02,200,2,5,1.5399178,3.881315,1271.758289146,742.8127201315649
CVaR,Path-exp,0.02,400,0,5,6.500479,8.23262,1805.413156578,2.6620924867826115
CVaR,Path-exp,0.03,all,0,15,7.3993414,12.402051,1804.9136793953332,3.0107295620671293
CVaR,Path-exp,0.03,100,0,5,5.3085886,8.101653,1802.662382972,1.052170273507299
CVaR,Path-exp,0.03,200,0,5,7.1829142,8.954189,1805.224286596,2.513026590068082
CVaR,Path-exp,0.03,400,0,5,9.7065214,12.402051,1806.854368618,3.6248448189657427
CVaR,Combinatorial,all,all,19,45,5.308765822222222,21.67147,1254.3694487064445,784.8491963667709
CVaR,Combinatorial,all,100,8,15,5.203473466666667,19.30066,1131.2978838753334,832.6976323835805
CVaR,Combinatorial,all,200,6,15,4.675335066666666,18.530847,1241.907627932,797.431546672026
CVaR,Combinatorial,all,400,5,15,6.047488933333333,21.67147,1389.902834312,755.3836083300897
CVaR,Combinatorial,0.01,all,15,15,0.032294133333333336,0.094056,206.946634208,211.63227868930264
CVaR,Combinatorial,0.01,100,5,5,0.0241446,0.091269,47.268463874,27.43423139441789
CVaR,Combinatorial,0.01,200,5,5,0.038098599999999996,0.094056,191.290378396,127.7584872536627
CVaR,Combinatorial,0.01,400,5,5,0.0346392,0.089722,382.281060354,262.8277191426577
CVaR,Combinatorial,0.02,all,4,15,5.5608098,19.30066,1686.7246175666667,317.20317388129445
CVaR,Combinatorial,0.02,100,3,5,5.59298,19.30066,1532.090511288,415.7419992448083
CVaR,Combinatorial,0.02,200,1,5,4.0041254,6.769284000000001,1675.758715334,338.1254872417481
CVaR,Combinatorial,0.02,400,0,5,7.085324,10.460046,1852.324626078,25.943813204282392
CVaR,Combinatorial,0.03,all,0,15,10.333193533333333,21.67147,1869.4370943446668,97.39174970869779
CVaR,Combinatorial,0.03,100,0,5,9.9932958,11.406967,1814.534676464,6.773623658635918
CVaR,Combinatorial,0.03,200,0,5,9.9837812,18.530847,1858.673790066,66.77452537671813
CVaR,Combinatorial,0.03,400,0,5,11.0225036,21.67147,1935.102816504,139.2504106971119
MeanCVaR,SAA,all,all,13,45,17.75905748888889,99.970645,1456.913918708,598.2023861044056
MeanCVaR,SAA,all,100,10,15,0.7746078000000001,3.213197,911.7930358293333,704.4935376147334
MeanCVaR,SAA,all,200,3,15,4.191741266666667,14.228521999999998,1658.6535743853333,374.20170089801127
MeanCVaR,SAA,all,400,0,15,48.3108234,99.970645,1800.2951459093333,0.16287571620374539
MeanCVaR,SAA,0.01,all,7,15,22.072407066666667,99.970645,1184.6904836546667,785.6104295581848
MeanCVaR,SAA,0.01,100,5,5,0.0087368,0.037898,201.51032913,125.17564941678415
MeanCVaR,SAA,0.01,200,2,5,2.7196188,5.940398,1552.23505329,541.8024462329436
MeanCVaR,SAA,0.01,400,0,5,63.488865600000004,99.970645,1800.326068544,0.17400910310674325
MeanCVaR,SAA,0.02,all,5,15,14.405423266666666,99.968696,1434.9117081326667,546.6054044160579
MeanCVaR,SAA,0.02,100,4,5,0.5635654,2.486622,880.834676764,542.9041281526496
MeanCVaR,SAA,0.02,200,1,5,5.1601346,14.228521999999998,1623.620631958,394.77005298644923
MeanCVaR,SAA,0.02,400,0,5,37.4925698,99.968696,1800.279815676,0.12485812790953256
MeanCVaR,SAA,0.03,all,1,15,16.799342133333333,54.878254999999996,1751.1395643366666,189.81095108769378
MeanCVaR,SAA,0.03,100,1,5,1.7515212,3.213197,1653.034101594,328.7131638085306
MeanCVaR,SAA,0.03,200,0,5,4.6954704,8.234967,1800.105037908,0.05777998683886773
MeanCVaR,SAA,0.03,400,0,5,43.951034799999995,54.878254999999996,1800.279553508,0.21257490614334404
MeanCVaR,Root,all,all,15,45,8.748561555555556,22.409748,1217.1858807908889,836.432046457156
MeanCVaR,Root,all,100,5,15,8.023224266666666,22.409748,1202.9596676653334,875.1380555406981
MeanCVaR,Root,all,200,5,15,8.440426066666667,19.901204,1217.8658237873333,854.4261412191798
MeanCVaR,Root,all,400,5,15,9.782034333333334,20.616288,1230.73215092,838.1387847389252
MeanCVaR,Root,0.01,all,15,15,0.08233573333333333,0.099507,48.13100995666667,48.292572940627245
MeanCVaR,Root,0.01,100,5,5,0.056555799999999996,0.09875699999999998,7.297887532,4.423530800039051
MeanCVaR,Root,0.01,200,5,5,0.0934422,0.099507,50.755473324,33.58411872361293
MeanCVaR,Root,0.01,400,5,5,0.0970092,0.09855199999999999,86.339669014,55.654979981735664
MeanCVaR,Root,0.02,all,0,15,7.638143066666666,12.509207,1801.5176286820001,1.2575440558957924
MeanCVaR,Root,0.02,100,0,5,5.6540482,11.772238,1800.643923352,0.36050862428979097
MeanCVaR,Root,0.02,200,0,5,7.6673384,10.100349999999999,1801.260783502,0.5906174086982645
MeanCVaR,Root,0.02,400,0,5,9.5930426,12.509207,1802.648179192,1.5562199908415761
MeanCVaR,Root,0.03,all,0,15,18.525205866666667,22.409748,1801.909003734,1.5641962948733772
MeanCVaR,Root,0.03,100,0,5,18.3590688,22.409748,1800.937192112,0.3273604387481065
MeanCVaR,Root,0.03,200,0,5,17.560497599999998,19.901204,1801.581214536,0.9913203764600539
MeanCVaR,Root,0.03,400,0,5,19.6560512,20.616288,1803.208604554,2.0118578174381017
MeanCVaR,Standard,all,all,17,45,9.37808711111111,23.217194,1207.3528666597779,840.383068810711
MeanCVaR,Standard,all,100,7,15,8.491602733333334,21.53443,1187.5233082273332,864.6108130897235
MeanCVaR,Standard,all,200,5,15,9.096029066666667,19.717044,1211.1128023773333,865.1472583074741
MeanCVaR,Standard,all,400,5,15,10.546629533333332,23.217194,1223.4224893746666,850.2225032553969
MeanCVaR,Standard,0.01,all,15,15,0.08606973333333333,0.09981600000000002,33.055540863333334,34.299145631760545
MeanCVaR,Standard,0.01,100,5,5,0.0779472,0.098961,7.76151192,4.0230454465881955
MeanCVaR,Standard,0.01,200,5,5,0.086831,0.09981600000000002,29.15145667,15.500060905011585
MeanCVaR,Standard,0.01,400,5,5,0.093431,0.09942499999999999,62.253654,44.45923532429032
MeanCVaR,Standard,0.02,all,2,15,8.334486666666667,12.956736,1786.640463016,45.856537771358546
MeanCVaR,Standard,0.02,100,2,5,5.5839456,12.167913,1753.484496448,72.72353334386297
MeanCVaR,Standard,0.02,200,0,5,8.5162262,12.942669,1802.306730138,1.2507431416392898
MeanCVaR,Standard,0.02,400,0,5,10.903288199999999,12.956736,1804.130162462,2.5101788301438424
MeanCVaR,Standard,0.03,all,0,15,19.713704933333332,23.217194,1802.3625961,1.6850807163854744
MeanCVaR,Standard,0.03,100,0,5,19.8129154,21.53443,1801.3239163140001,0.4121124275761677
MeanCVaR,Standard,0.03,200,0,5,18.68503,19.717044,1801.880220324,1.0617718159714786
MeanCVaR,Standard,0.03,400,0,5,20.6431694,23.217194,1803.8836516620001,2.027215675046895
MeanCVaR,Coverage-exp,all,all,22,45,3.464788244444444,13.211086,1051.549727279111,849.2424000594565
MeanCVaR,Coverage-exp,all,100,9,15,1.8460803333333333,6.672884,885.9008712606667,858.7184329540476
MeanCVaR,Coverage-exp,all,200,8,15,2.3953002666666667,8.182006999999999,1013.09477118,849.3977096007999
MeanCVaR,Coverage-exp,all,400,5,15,6.152984133333334,13.211086,1255.6535393966667,855.6732083635765
MeanCVaR,Coverage-exp,0.01,all,15,15,0.0542854,0.097803,46.596603871999996,45.509073770321386
MeanCVaR,Coverage-exp,0.01,100,5,5,0.039774,0.086536,14.594956183999999,13.843063495808936
MeanCVaR,Coverage-exp,0.01,200,5,5,0.0718504,0.097803,37.869872451999996,29.68478997855672
MeanCVaR,Coverage-exp,0.01,400,5,5,0.0512318,0.091252,87.32498298,52.221838535310994
MeanCVaR,Coverage-exp,0.02,all,6,15,3.154305266666667,8.18918,1318.9892444,714.0759503460371
MeanCVaR,Coverage-exp,0.02,100,3,5,1.5676896,6.672884,920.301117646,846.8787940641724
MeanCVaR,Coverage-exp,0.02,200,3,5,0.8322542,1.9896310000000001,1189.851738636,706.7122791749372
MeanCVaR,Coverage-exp,0.02,400,0,5,7.062972,8.18918,1846.814876918,15.294196812194478
MeanCVaR,Coverage-exp,0.03,all,1,15,7.185774066666666,13.211086,1789.0633335653333,114.94853260088527
MeanCVaR,Coverage-exp,0.03,100,1,5,3.9307773999999998,5.806589,1722.806539952,193.7390035120659
MeanCVaR,Coverage-exp,0.03,200,0,5,6.2817962,8.182006999999999,1811.562702452,4.703942894835763
MeanCVaR,Coverage-exp,0.03,400,0,5,11.344748599999999,13.211086,1832.820758292,13.248728451158156
MeanCVaR,Path-exp,all,all,30,45,2.1022843333333334,10.860538,813.1262193822222,824.8943978317923
MeanCVaR,Path-exp,all,100,14,15,0.2771537333333333,3.133482,449.95364116733333,620.8330085910715
MeanCVaR,Path-exp,all,200,11,15,1.0792332666666666,4.971197,769.60164084,831.1072177490895
MeanCVaR,Path-exp,all,400,5,15,4.9504660000000005,10.860538,1219.8233761393333,861.2924179342007
MeanCVaR,Path-exp,0.01,all,15,15,0.05659786666666667,0.098968,22.813688512666666,21.56950300706085
MeanCVaR,Path-exp,0.01,100,5,5,0.025685200000000002,0.098968,7.717815644,6.546838454437388
MeanCVaR,Path-exp,0.01,200,5,5,0.0617898,0.08461,17.500627456,11.01955871823294
MeanCVaR,Path-exp,0.01,400,5,5,0.0823186,0.095247,43.222622438,24.965218154929975
MeanCVaR,Path-exp,0.02,all,10,15,1.8438551333333335,7.258019,884.5151652906667,807.1369894044805
MeanCVaR,Path-exp,0.02,100,5,5,0.0992124,0.099952,308.667080658,479.80567038555046
MeanCVaR,Path-exp,0.02,200,5,5,0.0998056,0.09995500000000002,534.89286041,641.874901372789
MeanCVaR,Path-exp,0.02,400,0,5,5.3325474,7.258019,1809.985554804,3.644220337312661
MeanCVaR,Path-exp,0.03,all,5,15,4.4064,10.860538,1532.0498043433333,508.1210277377016
MeanCVaR,Path-exp,0.03,100,4,5,0.7065636,3.133482,1033.4760272,650.9380560555062
MeanCVaR,Path-exp,0.03,200,1,5,3.0761044,4.971197,1756.411434654,110.86145545356422
MeanCVaR,Path-exp,0.03,400,0,5,9.436532,10.860538,1806.2619511760001,3.3156332949079927
MeanCVaR,Combinatorial,all,all,21,45,4.243403533333334,16.290969,1182.3547151333332,800.8556150016642
MeanCVaR,Combinatorial,all,100,7,15,5.1306974,16.290969,1118.299456944,819.5724489304963
MeanCVaR,Combinatorial,all,200,9,15,2.9818364,13.887461000000002,1094.966695754,794.4665773033329
MeanCVaR,Combinatorial,all,400,5,15,4.6176768,11.477075000000001,1333.797992702,822.0131820820064
MeanCVaR,Combinatorial,0.01,all,14,15,0.9645032666666667,14.248447,243.66601787066665,443.6481562068169
MeanCVaR,Combinatorial,0.01,100,4,5,2.8496894,14.248447,395.863957876,787.8659498654392
MeanCVaR,Combinatorial,0.01,200,5,5,0.032850000000000004,0.08408600000000001,120.210683942,63.829550363100786
MeanCVaR,Combinatorial,0.01,400,5,5,0.0109704,0.040633999999999997,214.923411794,122.62330135958005
MeanCVaR,Combinatorial,0.02,all,6,15,2.9867757333333333,8.030336,1459.2015684973333,536.3092642648561
MeanCVaR,Combinatorial,0.02,100,3,5,2.2985698,6.423002,1118.067510312,650.6182587685453
MeanCVaR,Combinatorial,0.02,200,3,5,1.102328,3.04629,1377.29677707,451.58777973120317
MeanCVaR,Combinatorial,0.02,400,0,5,5.5594294,8.030336,1882.24041811,43.67684556570664
MeanCVaR,Combinatorial,0.03,all,1,15,8.7789316,16.290969,1844.1965590319999,189.118248250173
MeanCVaR,Combinatorial,0.03,100,0,5,10.243833,16.290969,1840.966902644,41.32731029335501
MeanCVaR,Combinatorial,0.03,200,1,5,7.8103312,13.887461000000002,1787.39262625,338.33819031652035
MeanCVaR,Combinatorial,0.03,400,0,5,8.282630600000001,11.477075000000001,1904.230148202,21.163108487635135
